No,Content,Key1,Key2,Key3,Reply1,Reply2,Reply3
101,101,,,,,,
201,201,,,,,,
301,301,,,,,,
401,401,,,,,,
501,501,,,,,,
601,601,,,,,,
701,701,,,,,,
801,801,,,,,,
901,901,,,,,,
1001,1001,,,,,,
1101,1101,,,,,,
1201,1201,,,,,,
1301,1301,,,,,,
1401,1401,,,,,,
1501,1501,,,,,,
1601,1601,,,,,,
1701,1701,,,,,,
1801,1801,,,,,,
1901,1901,,,,,,
2001,2001,,,,,,
2101,2101,,,,,,
2201,2201,,,,,,
2301,2301,,,,,,
102,102,,,,,,
202,202,,,,,,
302,302,,,,,,
402,402,,,,,,
502,502,,,,,,
602,602,,,,,,
702,702,,,,,,
802,802,,,,,,
902,902,,,,,,
1002,1002,,,,,,
1102,1102,,,,,,
1202,1202,,,,,,
1302,1302,,,,,,
1402,1402,,,,,,
1502,1502,,,,,,
1602,1602,,,,,,
1702,1702,,,,,,
1802,1802,,,,,,
1902,1902,,,,,,
2002,2002,,,,,,
2102,2102,,,,,,
2202,2202,,,,,,
2302,2302,,,,,,
